Title,Description,Priority
lol,abfdaksjgak,see
adaslknlan,,medium
dflmaiape,,medium
lolkfdjmdk,saleko,high
sadfanlkla,,medium
lol,abfdaksjgak,see
adaslknlan,,medium
dflmaiape,,medium
ovkdfo,,medium
lolkfdjmdk,saleko,high
lol,abfdaksjgak,see
adaslknlan,,medium
dflmaiape,,medium
ovkdfo,,medium
lolkfdjmdk,saleko,high
lol,abfdaksjgak,see
adaslknlan,,medium
dflmaiape,,medium
ovkdfo,,medium
lolkfdjmdk,saleko,high
lol,abfdaksjgak,see
adaslknlan,,medium
dflmaiape,,medium
ovkdfo,,medium
lolkfdjmdk,saleko,high
lol,abfdaksjgak,see
adaslknlan,,medium
dflmaiape,,medium
ovkdfo,,medium
lolkfdjmdk,saleko,high
lol,abfdaksjgak,see
adaslknlan,,medium
dflmaiape,,medium
ovkdfo,,medium
lolkfdjmdk,saleko,high
lol,abfdaksjgak,see
adaslknlan,,medium
dflmaiape,,medium
ovkdfo,,medium
lolkfdjmdk,saleko,high
lol,abfdaksjgak,see
adaslknlan,,medium
dflmaiape,,medium
ovkdfo,,medium
lolkfdjmdk,saleko,high
hello there this is test,nothing,fake
